id;name;start_date;end_date;description;address;image;image_content_type
1;Tasty Plastic Tuna cross-platform connect;2021-01-05;2021-01-06;portals;CFA Franc BEAC bluetooth Missouri;../fake-data/blob/hipster.png;image/png
2;deposit SDD Sao Tome and Principe;2021-01-06;2021-01-05;USB out-of-the-box;Shoes;../fake-data/blob/hipster.png;image/png
3;Oval;2021-01-06;2021-01-05;Tools;mobile;../fake-data/blob/hipster.png;image/png
4;stable strategic;2021-01-05;2021-01-05;contingency Human Car;Indiana back up transmitting;../fake-data/blob/hipster.png;image/png
5;upward-trending hack;2021-01-05;2021-01-06;Checking Account Handmade Metal Towels;Legacy Auto Loan Account;../fake-data/blob/hipster.png;image/png
6;empowering;2021-01-06;2021-01-06;Representative;success Prairie maximize;../fake-data/blob/hipster.png;image/png
7;Mills Advanced;2021-01-06;2021-01-05;Rustic;Borders Montana mint green;../fake-data/blob/hipster.png;image/png
8;Down-sized lavender;2021-01-05;2021-01-05;auxiliary transitional Cotton;Bike;../fake-data/blob/hipster.png;image/png
9;transform Vatu real-time;2021-01-05;2021-01-06;Fresh;Florida Shoal Kids;../fake-data/blob/hipster.png;image/png
10;invoice;2021-01-06;2021-01-06;user-centric Investment Account;Organic uniform Steel;../fake-data/blob/hipster.png;image/png
